{"GWAC_GW" : {
    "ObjType": "GW",
    "Observer": "SVOMMM",
    "Obsprog": "GW_followup",
    "Group_ID" : "XL001",
    "Unit_ID" : "002|003|004",
    "Obs_type": "toa",
    "Obs_Strat": "tiling",
    "day_int": "0",
    "ImgType": "object",
    "filter": "clear",
    "expdur": "20",
    "frmcnt": "70",
    "priority": "61"
},
"F60_GW" : {
    "ObjType": "GW",
    "Observer": "SVOMMM",
    "Obsprog": "GW_followup",
    "Group_ID" : "XL002",
    "Unit_ID" : "001",
    "Obs_type": "toa",
    "Obs_Strat": "pointing",
    "day_int": "0",
    "ImgType": "object",
    "filter": "clear",
    "expdur": "70",
    "frmcnt": "3",
    "priority": "61"
},
"F30_GW" : {
    "ObjType": "GW",
    "Observer": "SVOMMM",
    "Obsprog": "GW_followup",
    "Group_ID" : "XL003",
    "Unit_ID" : "001",
    "Obs_type": "toa",
    "Obs_Strat": "tiling",
    "day_int": "0",
    "ImgType": "object",
    "filter": "R",
    "expdur": "60",
    "frmcnt": "5",
    "priority": "61"
},
"F60-F30_GW" : {
    "ObjType": "GW",
    "Observer": "SVOMMM",
    "Obsprog": "GW_followup",
    "Group_ID" : "XL002|XL003",
    "Unit_ID" : "001|001",
    "Obs_type": "toa",
    "Obs_Strat": "pointing",
    "day_int": "0",
    "ImgType": "object",
    "filter": "clear",
    "expdur": "100",
    "frmcnt": "3",
    "priority": "61"
},
"GWAC_monitor" : {
    "ObjType": "monitor",
    "Observer": "GWAC",
    "Obsprog": "gwac_routine",
    "Group_ID" : "XL001",
    "Unit_ID" : "002|004",
    "Obs_type": "Mon",
    "Obs_Strat": "tiling",
    "day_int": "0",
    "ImgType": "object",
    "filter": "clear",
    "expdur": "10",
    "delay": "5",
    "frmcnt": "120",
    "priority": "10"
},
"F60_GALAXY_SURVEY" : {
    "ObjType": "galaxy",
    "Observer": "hanxuhui",
    "Obsprog": "galaxy_survey",
    "Group_ID" : "XL002",
    "Unit_ID" : "001",
    "Obs_type": "oba",
    "Obs_Strat": "pointing",
    "day_int": "0",
    "ImgType": "object",
    "filter": "clear",
    "expdur": "20",
    "delay": "0",
    "frmcnt": "3",
    "priority": "20"
}
}

